Zip Code,City,County,State
33114,Coral Gables,Miami-dade,FL
33002,Hialeah,Miami-dade,FL
33018,Hialeah,Miami-dade,FL
33017,Hialeah,Miami-dade,FL
33016,Hialeah,Miami-dade,FL
33015,Hialeah,Miami-dade,FL
33014,Hialeah,Miami-dade,FL
33013,Hialeah,Miami-dade,FL
33012,Hialeah,Miami-dade,FL
33011,Hialeah,Miami-dade,FL
33010,Hialeah,Miami-dade,FL
33092,Homestead,Miami-dade,FL
33090,Homestead,Miami-dade,FL
33039,Homestead,Miami-dade,FL
33035,Homestead,Miami-dade,FL
33034,Homestead,Miami-dade,FL
33031,Homestead,Miami-dade,FL
33032,Homestead,Miami-dade,FL
33030,Homestead,Miami-dade,FL
33033,Homestead,Miami-dade,FL
33149,Key Biscayne,Miami-dade,FL
33181,Miami,Miami-dade,FL
33182,Miami,Miami-dade,FL
33183,Miami,Miami-dade,FL
33184,Miami,Miami-dade,FL
33185,Miami,Miami-dade,FL
33186,Miami,Miami-dade,FL
33187,Miami,Miami-dade,FL
33188,Miami,Miami-dade,FL
33189,Miami,Miami-dade,FL
33190,Miami,Miami-dade,FL
33180,Miami,Miami-dade,FL
33179,Miami,Miami-dade,FL
33178,Miami,Miami-dade,FL
33166,Miami,Miami-dade,FL
33167,Miami,Miami-dade,FL
33168,Miami,Miami-dade,FL
33169,Miami,Miami-dade,FL
33172,Miami,Miami-dade,FL
33173,Miami,Miami-dade,FL
33174,Miami,Miami-dade,FL
33175,Miami,Miami-dade,FL
33176,Miami,Miami-dade,FL
33177,Miami,Miami-dade,FL
33165,Miami,Miami-dade,FL
33193,Miami,Miami-dade,FL
33194,Miami,Miami-dade,FL
33247,Miami,Miami-dade,FL
33255,Miami,Miami-dade,FL
33256,Miami,Miami-dade,FL
33257,Miami,Miami-dade,FL
33261,Miami,Miami-dade,FL
33265,Miami,Miami-dade,FL
33266,Miami,Miami-dade,FL
33269,Miami,Miami-dade,FL
33280,Miami,Miami-dade,FL
33283,Miami,Miami-dade,FL
33245,Miami,Miami-dade,FL
33243,Miami,Miami-dade,FL
33242,Miami,Miami-dade,FL
33196,Miami,Miami-dade,FL
33197,Miami,Miami-dade,FL
33199,Miami,Miami-dade,FL
33206,Miami,Miami-dade,FL
33222,Miami,Miami-dade,FL
33231,Miami,Miami-dade,FL
33233,Miami,Miami-dade,FL
33234,Miami,Miami-dade,FL
33238,Miami,Miami-dade,FL
33299,Miami,Miami-dade,FL
33296,Miami,Miami-dade,FL
33164,Miami,Miami-dade,FL
33101,Miami,Miami-dade,FL
33130,Miami,Miami-dade,FL
33131,Miami,Miami-dade,FL
33132,Miami,Miami-dade,FL
33133,Miami,Miami-dade,FL
33134,Miami,Miami-dade,FL
33135,Miami,Miami-dade,FL
33136,Miami,Miami-dade,FL
33137,Miami,Miami-dade,FL
33138,Miami,Miami-dade,FL
33129,Miami,Miami-dade,FL
33128,Miami,Miami-dade,FL
33127,Miami,Miami-dade,FL
33102,Miami,Miami-dade,FL
33106,Miami,Miami-dade,FL
33111,Miami,Miami-dade,FL
33112,Miami,Miami-dade,FL
33116,Miami,Miami-dade,FL
33122,Miami,Miami-dade,FL
33124,Miami,Miami-dade,FL
33125,Miami,Miami-dade,FL
33126,Miami,Miami-dade,FL
33170,Miami,Miami-dade,FL
33156,Miami,Miami-dade,FL
33158,Miami,Miami-dade,FL
33157,Miami,Miami-dade,FL
33161,Miami,Miami-dade,FL
33155,Miami,Miami-dade,FL
33162,Miami,Miami-dade,FL
33153,Miami,Miami-dade,FL
33152,Miami,Miami-dade,FL
33151,Miami,Miami-dade,FL
33150,Miami,Miami-dade,FL
33163,Miami,Miami-dade,FL
33142,Miami,Miami-dade,FL
33143,Miami,Miami-dade,FL
33144,Miami,Miami-dade,FL
33145,Miami,Miami-dade,FL
33146,Miami,Miami-dade,FL
33147,Miami,Miami-dade,FL
33159,Miami,Miami-dade,FL
33109,Miami Beach,Miami-dade,FL
33139,Miami Beach,Miami-dade,FL
33141,Miami Beach,Miami-dade,FL
33154,Miami Beach,Miami-dade,FL
33140,Miami Beach,Miami-dade,FL
33119,Miami Beach,Miami-dade,FL
33239,Miami Beach,Miami-dade,FL
33056,Miami Gardens,Miami-dade,FL
33160,North Miami Beach,Miami-dade,FL
33055,Opa Locka,Miami-dade,FL
33054,Opa Locka,Miami-dade,FL
